{"cameraMode":{"drawMode":0,"name":"Shaded","section":"Shading Mode"},"sceneLighting":false,"audioPlay":false,"sceneViewState":{"m_AlwaysRefresh":false,"showFog":false,"showSkybox":false,"showFlares":false,"showImageEffects":false,"showParticleSystems":false,"showVisualEffectGraphs":true,"m_FxEnabled":true},"in2DMode":false,"pivot":{"x":-0.07782572507858277,"y":0.8728434443473816,"z":-0.027805209159851075},"rotation":{"x":-0.045559488236904147,"y":0.22782304883003236,"z":-0.010671645402908326,"w":-0.9725815057754517},"size":1.95477294921875,"orthographic":false}