{"cameraMode":{"drawMode":0,"name":"Shaded","section":"Shading Mode"},"sceneLighting":true,"audioPlay":false,"sceneViewState":{"m_AlwaysRefresh":false,"showFog":true,"showSkybox":true,"showFlares":true,"showImageEffects":true,"showParticleSystems":true,"showVisualEffectGraphs":true,"m_FxEnabled":true},"in2DMode":false,"pivot":{"x":359.1877746582031,"y":367.6518249511719,"z":45.984840393066409},"rotation":{"x":0.19523824751377107,"y":0.0029421579092741014,"z":-0.0005858147633261979,"w":0.9807543158531189},"size":266.62457275390627,"orthographic":false}