{"cameraMode":{"drawMode":0,"name":"Shaded","section":"Shading Mode"},"sceneLighting":false,"audioPlay":false,"sceneViewState":{"m_AlwaysRefresh":false,"showFog":true,"showSkybox":false,"showFlares":true,"showImageEffects":true,"showParticleSystems":true,"showVisualEffectGraphs":true,"m_FxEnabled":true},"in2DMode":false,"pivot":{"x":0.0009905099868774415,"y":0.8423871994018555,"z":0.0035606026649475099},"rotation":{"x":-0.07478993386030197,"y":0.22302933037281037,"z":-0.017164262011647226,"w":-0.9717894196510315},"size":1.1314905881881714,"orthographic":false}